product_id,stockout_units,units_shipped,avg_inventory,n_orders,sim_stockout_units,sim_units_shipped,sim_avg_inventory,sim_n_orders,true_demand,unit_cost,safety_stock,reorder_point,eoq,avg_lead_days,primary_supplier_id,before_service_level_pct,after_service_level_pct,before_holding_cost,after_holding_cost,before_ordering_cost,after_ordering_cost,before_total_cost,after_total_cost,stockout_units_avoided,service_level_gain_pts,cost_delta,unit_price,margin_per_unit,margin_recovered,net_benefit
P001,0,1615,67.0,13,10,1605,84.08,10,1615,2344.8,13.0,61.0,158.0,10.82,S011,100.0,99.38,34562.35,43371.59,52000.0,40000.0,86562.35,83371.59,-10,-0.62,-3190.77,3877.42,1532.62,-15326.2,-12135.43
P002,4,619,27.81,12,0,623,71.44,4,623,1414.53,8.0,27.0,127.0,10.91,S011,99.36,100.0,8653.66,22232.6,48000.0,16000.0,56653.66,38232.6,4,0.64,-18421.06,2375.32,960.79,3843.16,22264.22
P003,0,2186,128.29,13,0,2186,104.1,11,2186,2197.1,19.0,50.0,190.0,5.15,S002,100.0,100.0,62009.77,50316.13,52000.0,44000.0,114009.77,94316.13,0,0.0,-19693.64,3120.49,923.39,0.0,19693.64
P004,13,1110,46.44,12,0,1123,102.65,7,1123,1880.18,21.0,67.0,147.0,14.75,S012,98.84,100.0,19210.38,42461.7,48000.0,28000.0,67210.38,70461.7,13,1.16,3251.32,2820.09,939.91,12218.83,8967.51
P005,0,6981,424.0,13,3,6978,237.38,17,6981,1587.24,44.0,164.0,400.0,6.27,S004,100.0,99.96,148057.75,82893.0,52000.0,68000.0,200057.75,150893.0,-3,-0.04,-49164.75,2784.74,1197.5,-3592.5,45572.25
P006,0,1554,89.83,12,9,1545,96.42,8,1554,1716.69,11.0,32.0,181.0,4.92,S010,100.0,99.42,33925.1,36416.28,48000.0,32000.0,81925.1,68416.28,-9,-0.58,-13508.82,2197.68,480.99,-4328.91,9179.91
P007,0,903,55.33,13,0,903,84.44,7,903,2195.84,11.0,37.0,122.0,10.27,S011,100.0,100.0,26727.6,40792.8,52000.0,28000.0,78727.6,68792.8,0,0.0,-9934.8,3039.86,844.02,0.0,9934.8
P008,0,2643,151.73,13,0,2643,261.42,5,2643,424.46,17.0,62.0,476.0,6.25,S001,100.0,100.0,14168.8,24412.0,52000.0,20000.0,66168.8,44412.0,0,0.0,-21756.8,735.91,311.45,0.0,21756.8
P009,4,2275,95.21,13,0,2279,233.0,6,2279,636.66,41.0,132.0,361.0,14.5,S012,99.82,100.0,13335.82,32635.19,52000.0,24000.0,65335.82,56635.19,4,0.18,-8700.63,871.34,234.68,938.72,9639.35
P010,0,1249,73.58,13,0,1249,196.42,3,1249,454.56,18.0,52.0,316.0,9.82,S003,100.0,100.0,7357.93,19642.94,52000.0,12000.0,59357.93,31642.94,0,0.0,-27714.99,713.37,258.81,0.0,27714.99
P011,0,5026,294.92,12,12,5014,185.4,17,5026,2254.05,44.0,126.0,285.0,5.91,S004,100.0,99.76,146249.7,91940.1,48000.0,68000.0,194249.7,159940.1,-12,-0.24,-34309.6,3417.23,1163.18,-13958.16,20351.44
P012,18,2094,88.06,12,0,2112,129.77,9,2112,1596.2,24.0,93.0,219.0,11.91,S011,99.15,100.0,30922.69,45570.28,48000.0,36000.0,78922.69,81570.28,18,0.85,2647.59,2171.25,575.05,10350.9,7703.31
P013,0,4539,269.9,13,0,4539,243.87,13,4539,1461.72,38.0,152.0,336.0,9.15,S003,100.0,100.0,86795.25,78421.84,52000.0,52000.0,138795.25,130421.84,0,0.0,-8373.41,2002.7,540.98,0.0,8373.41
P014,0,1592,94.35,13,0,1592,314.96,2,1592,182.72,16.0,43.0,563.0,6.33,S005,100.0,100.0,3792.56,12660.95,52000.0,8000.0,55792.56,20660.95,0,0.0,-35131.61,302.84,120.12,0.0,35131.61
P015,160,6936,279.37,12,31,7065,462.81,8,7096,393.45,75.0,292.0,810.0,11.11,S011,97.75,99.56,24181.59,40060.17,48000.0,32000.0,72181.59,72060.17,129,1.82,-121.42,522.68,129.23,16670.67,16792.09
P016,0,14735,872.17,13,0,14735,570.4,30,14735,2319.6,247.0,603.0,481.0,8.8,S006,100.0,100.0,445080.39,291083.93,52000.0,120000.0,497080.39,411083.93,0,0.0,-85996.46,4161.56,1841.96,0.0,85996.46
P017,0,7885,464.37,12,0,7885,408.0,12,7885,699.75,54.0,234.0,640.0,8.3,S008,100.0,100.0,71486.73,62809.56,48000.0,48000.0,119486.73,110809.56,0,0.0,-8677.17,1223.76,524.01,0.0,8677.17
P018,0,2671,155.54,13,0,2671,137.4,10,2671,1468.99,20.0,59.0,257.0,5.33,S007,100.0,100.0,50266.58,44405.87,52000.0,40000.0,102266.58,84405.87,0,0.0,-17860.71,2320.32,851.33,0.0,17860.71
P019,0,2604,149.6,13,0,2604,373.38,3,2604,217.88,36.0,86.0,659.0,7.0,S001,100.0,100.0,7170.68,17897.67,52000.0,12000.0,59170.68,29897.67,0,0.0,-29273.01,271.82,53.94,0.0,29273.01
P020,0,4953,298.73,13,0,4953,215.02,13,4953,1434.81,38.0,136.0,354.0,7.18,S009,100.0,100.0,94296.82,67872.58,52000.0,52000.0,146296.82,119872.58,0,0.0,-26424.23,2039.52,604.71,0.0,26424.23
P021,0,2231,132.94,12,0,2231,586.67,2,2231,72.82,34.0,90.0,1055.0,9.08,S008,100.0,100.0,2129.79,9398.74,48000.0,8000.0,50129.79,17398.74,0,0.0,-32731.05,119.05,46.23,0.0,32731.05
P022,0,17942,1025.25,13,0,17942,539.63,32,17942,2204.21,247.0,633.0,544.0,7.83,S006,100.0,100.0,497170.59,261682.96,52000.0,128000.0,549170.59,389682.96,0,0.0,-159487.62,3215.21,1011.0,0.0,159487.62
P023,0,6673,396.88,13,0,6673,558.42,7,6673,303.79,115.0,236.0,894.0,6.58,S005,100.0,100.0,26525.31,37321.54,52000.0,28000.0,78525.31,65321.54,0,0.0,-13203.77,551.28,247.49,0.0,13203.77
P024,12,3838,150.17,12,0,3850,172.52,15,3850,2139.64,53.0,186.0,256.0,12.58,S011,99.69,100.0,70689.59,81208.39,48000.0,60000.0,118689.59,141208.39,12,0.31,22518.8,3324.54,1184.9,14218.8,-8300.0
P025,0,569,34.9,12,0,569,66.4,5,569,1610.93,8.0,19.0,113.0,6.82,S001,100.0,100.0,12370.08,23533.83,48000.0,20000.0,60370.08,43533.83,0,0.0,-16836.26,2228.51,617.58,0.0,16836.26
P026,0,14829,864.38,12,0,14829,315.15,23,14829,1403.69,93.0,327.0,620.0,5.75,S002,100.0,100.0,266932.17,97323.23,48000.0,92000.0,314932.17,189323.23,0,0.0,-125608.94,2106.73,703.04,0.0,125608.94
P027,0,929,56.46,13,0,929,69.63,7,929,2216.13,10.0,24.0,123.0,5.75,S002,100.0,100.0,27527.74,33950.26,52000.0,28000.0,79527.74,61950.26,0,0.0,-17577.48,3289.77,1073.64,0.0,17577.48
P028,0,4622,269.27,12,3,4619,139.23,17,4622,2314.99,32.0,105.0,269.0,5.77,S005,100.0,99.94,137138.23,70909.92,48000.0,68000.0,185138.23,138909.92,-3,-0.06,-46228.3,4045.84,1730.85,-5192.55,41035.75
P029,0,4677,287.4,12,0,4677,298.6,8,4677,594.96,29.0,106.0,535.0,6.0,S004,100.0,100.0,37618.63,39083.61,48000.0,32000.0,85618.63,71083.61,0,0.0,-14535.03,1054.04,459.08,0.0,14535.03
P030,0,2796,167.92,13,0,2796,132.31,13,2796,2418.88,20.0,77.0,205.0,7.33,S006,100.0,100.0,89360.87,70408.01,52000.0,52000.0,141360.87,122408.01,0,0.0,-18952.86,3375.27,956.39,0.0,18952.86
P031,0,16749,948.69,13,0,16749,423.46,26,16749,1472.44,112.0,405.0,643.0,6.36,S001,100.0,100.0,307316.35,137174.78,52000.0,104000.0,359316.35,241174.78,0,0.0,-118141.57,2780.68,1308.24,0.0,118141.57
P032,8,1388,55.5,12,0,1396,358.73,2,1396,158.75,25.0,78.0,565.0,13.73,S012,99.43,100.0,1938.34,12528.67,48000.0,8000.0,49938.34,20528.67,8,0.57,-29409.67,238.96,80.21,641.68,30051.35
P033,0,1536,87.21,13,0,1536,169.56,5,1536,819.09,18.0,61.0,261.0,10.08,S003,100.0,100.0,15715.5,30554.26,52000.0,20000.0,67715.5,50554.26,0,0.0,-17161.24,1469.13,650.04,0.0,17161.24
P034,0,7212,441.19,12,0,7212,509.21,10,7212,520.01,135.0,288.0,710.0,7.69,S001,100.0,100.0,50473.37,58254.92,48000.0,40000.0,98473.37,98254.92,0,0.0,-218.45,866.05,346.04,0.0,218.45
P035,0,6211,353.08,12,0,6211,343.48,16,6211,1536.32,118.0,270.0,383.0,8.92,S009,100.0,100.0,119336.61,116093.2,48000.0,64000.0,167336.61,180093.2,0,0.0,12756.59,2190.14,653.82,0.0,-12756.59
P036,0,11574,707.71,13,47,11527,255.1,23,11574,1676.44,67.0,229.0,501.0,5.08,S002,100.0,99.59,261015.9,94083.75,52000.0,92000.0,313015.9,186083.75,-47,-0.41,-126932.16,2738.44,1062.0,-49914.0,77018.16
P037,0,8845,494.29,13,0,8845,275.67,19,8845,1547.62,42.0,186.0,456.0,5.91,S004,100.0,100.0,168293.56,93860.18,52000.0,76000.0,220293.56,169860.18,0,0.0,-50433.38,2689.67,1142.05,0.0,50433.38
P038,0,787,44.98,12,0,787,70.5,6,787,1957.13,8.0,23.0,121.0,7.0,S006,100.0,100.0,19367.31,30355.09,48000.0,24000.0,67367.31,54355.09,0,0.0,-13012.22,2648.37,691.24,0.0,13012.22
P039,136,7968,338.21,12,16,8088,310.77,17,8104,1351.27,121.0,384.0,467.0,11.82,S011,98.32,99.8,100543.32,92385.29,48000.0,68000.0,148543.32,160385.29,120,1.48,11841.97,2150.21,798.94,95872.8,84030.83
P040,0,2409,140.25,13,0,2409,154.48,8,2409,1152.67,18.0,56.0,276.0,5.83,S005,100.0,100.0,35565.63,39174.38,52000.0,32000.0,87565.63,71174.38,0,0.0,-16391.26,1989.79,837.12,0.0,16391.26
